Title	Status	Priority	Size	Phase	Description
[Sprint 1] 1.1: Stand up TimescaleDB and Redis Docker Containers	Todo	High	Medium	Phase 1: Ingestion Scrubber	Scaffold the docker-compose.yml orchestrator pulling official timescale/timescaledb:latest-pg15 and redis:alpine images.
[Sprint 1] 1.2: Execute SQL DDL Migrations (Strategy 11)	Todo	High	Small	Phase 1: Ingestion Scrubber	Write and execute the SQL Data Definition Language into the physical TimescaleDB node, initializing the `l1_tick_history` hypertable using DECIMAL(24,8).
[Sprint 1] 1.3: Build Python Base & Rate Limiter (Token Bucket)	Todo	High	Medium	Phase 1: Ingestion Scrubber	Scaffold the backend/ingestion/ Python microservice with asyncio, ccxt, asyncpg, and numba. Build the RateLimiterTokenBucket class to throttle requests.
[Sprint 1] 1.4: Build CCXT Async WebSocket Ingestor (Max: 50 Assets)	Todo	High	Large	Phase 1: Ingestion Scrubber	Build the async ingestion loops targeting Binance. Hardcode the Asset_Universe strictly to a maximum of 50 high-volume tickers.
[Sprint 1] 1.5: Implement Numba Hampel Filter (Model 14)	Todo	High	Large	Phase 1: Ingestion Scrubber	Compile the Median Absolute Deviation (MAD) array loop using @njit from Numba. Overwrite outliers explicitly before pg insertion.
[Sprint 2] 2.1: GARCH(1,1) Volatility Arrays (Model 01)	Todo	High	Large	Phase 2: Logic Engine ($E(R)>0$)	Implement rolling 500-period variance matrices against historical L1 ticks.
[Sprint 2] 2.2: Johansen Cointegration Tests (Model 02)	Todo	High	Large	Phase 2: Logic Engine ($E(R)>0$)	Implement the statistical arbitrage engine calculating the Z-Score spread between synthetic pairs.
[Sprint 2] 2.3: Hidden Markov Macro Regimes (Model 03)	Todo	Medium	Large	Phase 2: Logic Engine ($E(R)>0$)	Implement structural state overlays (Trend vs. Mean Reverting) using hmmlearn.
[Sprint 2] 2.4: Kalman Filter Hedge Ratios (Model 07)	Todo	Medium	Medium	Phase 2: Logic Engine ($E(R)>0$)	Implement dynamic beta tracking for the Cointegration pairs to avoid static hedge ratio decay.
[Sprint 2] 2.5: Point-in-Time Backtesting Engine (Model 11)	Todo	High	Extra Large	Phase 2: Logic Engine ($E(R)>0$)	Build the historical scanner that queries TimescaleDB to prove $E(R)>0$ while penalizing overfitting via Deflated Sharpe Ratio.
[Sprint 3] 3.1: Stand up Grafana via PostgreSQL Connector	Todo	High	Medium	Phase 3: Grafana Command Center	Configure Grafana locally to directly query TimescaleDB and visualize the L1 Ticks and GARCH bands.
[Sprint 3] 3.2: Configure Slack/Discord Tier 2 Webhooks	Todo	Medium	Small	Phase 3: Grafana Command Center	Implement the Notification Engine (Model 04) to push JSON telemetry to the trading desk when anomalies are detected.
[Sprint 3] 3.3: First Live Capital Deployment (Manual Testing)	Todo	High	Medium	Phase 3: Grafana Command Center	Operator visually verifies a Grafana signal, manually routes a Maker Limit order, and logs the Ground Truth via the DB terminal.
[Sprint 4] 4.1: Clayton Copula Tail-Risk Matrices (Model 06)	Todo	High	Large	Phase 4: Risk Matrices & Sizing	Implement dependency mapping across the 50-asset universe to detect systemic crash clustering before execution.
[Sprint 4] 4.2: Fractional Kelly Optimization (Model 06)	Todo	High	Large	Phase 4: Risk Matrices & Sizing	Implement the dynamic $f^*$ position sizing math scaling the order volume strictly by the algorithm's Win Rate.
[Sprint 4] 4.3: Value at Risk (VaR) Kill Switch (Model 12)	Todo	High	Medium	Phase 4: Risk Matrices & Sizing	Implement the Parametric VaR logic to instantly sever API connections if localized portfolio drawdowns hit 5%.
[Sprint 5] 5.1: Next.js Terminal UI Boilerplate	Todo	Medium	Large	Phase 5: Smart Order Router	Scaffold the React/TypeScript Operations Dashboard integrating the dynamic Role-Based 404 security architecture.
[Sprint 5] 5.2: CCXT Execution Routing API	Todo	High	Medium	Phase 5: Smart Order Router	Build the Python backend endpoints capable of securely generating and signing `POST` requests to the brokerage.
[Sprint 5] 5.3: Order Book Imbalance (OBI) Sensor (Model 15)	Todo	High	Large	Phase 5: Smart Order Router	Build the toxicity dial reading L2 arrays from Redis to veto trades facing hostile HFT spoofing.
[Sprint 5] 5.4: VWAP Execution Slicer (Model 04)	Todo	High	Extra Large	Phase 5: Smart Order Router	Build the logic to dissect a $100k parent block into $5k micro-orders, targeting 5% participation rate in the L2 book.
[Sprint 5] 5.5: Build Shadow Execution Simulator (Strategy 14)	Todo	High	Large	Phase 5: Smart Order Router	Implement the ShadowEngine loop in Python. Bypass CCXT, actively poll the Redis L2 book to calculate mock slippage volume, delay the logic via network ping values, and log to the shadow_ledger.
[Sprint 6] 6.1: Deterministic `clientOid` UUID protocol	Todo	High	Medium	Phase 6: Ledger Reconciliation	Hardcode cryptographic tags natively into all parent/child VWAP slice requests to ensure absolute tracking parity.
[Sprint 6] 6.2: Execution State Machine (Model 13)	Todo	High	Large	Phase 6: Ledger Reconciliation	Build the strict Pending -> Acknowledged -> Filled lifecycle monitor to detect orphaned VWAP grid orders.
[Sprint 6] 6.3: HTTP 504 Timeout Rescue Protocol	Todo	High	Medium	Phase 6: Ledger Reconciliation	Build the "Interrogator" loop to aggressively ping the exchange API to verify true execution status during flash crashes.
[Sprint 7] 7.1: Kafka/Redis PubSub Event Buses	Todo	High	Extra Large	Phase 7: Full Autonomy	Decouple the Python Logic Engine from the Risk Engine via high-frequency message brokers to ensure topological stability.
[Sprint 7] 7.2: Decouple Frontend Execution UX Friction	Todo	Medium	Small	Phase 7: Full Autonomy	Remove the physical React "Confirm Route" buttons, transitioning the dashboard into a passive monitoring UI.
[Sprint 7] 7.3: VPC Docker Deployment (AWS/GCP)	Todo	Medium	Extra Large	Phase 7: Full Autonomy	Migrate the 4 local microservices (Ingestion, Logic, Execution, Ops API) onto hardened isolated Linux cloud infrastructure.
[Sprint 8] 8.1: Fractional Differencing Arrays (Model 09)	Todo	High	Large	Phase 8: ML Meta-Labeling	Transform non-stationary price curves into mean-reverting memory proxies ($d=0.45$) specifically to feed the XGBoost matrices.
[Sprint 8] 8.2: Extract Phase 3 Manual Ground Truth Labels	Todo	High	Medium	Phase 8: ML Meta-Labeling	Query the `immutable_execution_ledger` for the Slippage Deltas (Intent vs Reality) generated by the human operator.
[Sprint 8] 8.3: Train XGBoost Classifier (Model 10)	Todo	High	Extra Large	Phase 8: ML Meta-Labeling	Use the Triple Barrier Method over fractional features to train the model to detect False Positive localized mathematical signals.
[Sprint 8] 8.4: Inject ML Veto into Smart Order Router	Todo	High	Large	Phase 8: ML Meta-Labeling	Require the $E(R)>0$ math signal to pass through the fast-compiled XGBoost probability tree *before* the VWAP Slicer deploys.
